model,sample,n_quarters,rmse,mae,bias
AR(p),full,85,8.16414120830415,3.425602273486886,0.54386873844868
AR(p),pre_covid,60,2.467168013437737,1.7876481813344074,-0.3503730791017626
AR(p),ex_covid,79,3.2051528938021594,2.0024314889165047,-0.0500490776651812
RW-mean,full,85,5.461500493074684,2.4020747956523842,-0.5141077576297619
RW-mean,pre_covid,60,2.4584085393838273,1.592518458963741,-0.656571302771205
RW-mean,ex_covid,79,2.3281285438049877,1.5656799025267096,-0.4832733784853486
